"tourney_id","tourney_name","surface","draw_size","tourney_level","tourney_date","match_num","winner_id","winner_seed","winner_entry","winner_name","winner_hand","winner_ht","winner_ioc","winner_age","winner_rank","winner_rank_points","loser_id","loser_seed","loser_entry","loser_name","loser_hand","loser_ht","loser_ioc","loser_age","loser_rank","loser_rank_points","score","best_of","round","minutes","w_ace","w_df","w_svpt","w_1stIn","w_1stWon","w_2ndWon","w_SvGms","w_bpSaved","w_bpFaced","l_ace","l_df","l_svpt","l_1stIn","l_1stWon","l_2ndWon","l_SvGms","l_bpSaved","l_bpFaced","coach","rod_first_sv_pctg","rod_first_sv_won_pctg","rod_sv_gms_won_pctg","rod_aces","rod_dfs","rod_bpfaced"
"2000-499","Delray Beach","Hard",32,"A",20000228,7,102133,0,"","Laurence Tieleman","R",180,"ITA",27.2881588,104,398,104053,0,"WC","Andy Roddick","R",188,"USA",17.49760438,0,0,"7-6(6) 7-5",3,"R32",84,16,6,79,38,34,25,12,6,6,5,0,74,40,29,24,12,3,4,"Tarik Benhabiles",0.54,0.72,0.92,5,0,4
"2000-403","Miami Masters","Hard",96,"M",20000320,33,101736,1,"","Andre Agassi","R",180,"USA",29.89185489,1,4984,104053,0,"WC","Andy Roddick","R",188,"USA",17.55509925,989,5,"6-2 6-3",3,"R64",65,6,0,48,32,26,10,8,6,6,2,3,58,28,19,12,9,4,8,"Tarik Benhabiles",0.48,0.68,0.56,2,3,8
"2000-422","Cincinnati Masters","Hard",64,"M",20000807,23,101150,0,"Q","Gianluca Pozzi","L",180,"ITA",35.14031485,49,769,104053,0,"WC","Andy Roddick","R",188,"USA",17.93839836,643,20,"7-6(5) 6-1",3,"R64",73,9,0,56,31,25,20,10,0,0,15,4,60,36,29,8,9,4,6,"Tarik Benhabiles",0.6,0.81,0.78,15,4,6
"2000-418","Washington","Hard",56,"A",20000814,49,101736,1,"","Andre Agassi","R",180,"USA",30.29431896,1,3855,104053,0,"WC","Andy Roddick","R",188,"USA",17.95756331,596,25,"6-4 6-4",3,"QF",69,9,2,50,33,28,12,10,0,0,11,3,75,44,31,15,10,8,10,"Tarik Benhabiles",0.59,0.7,0.8,11,3,10
"2000-560","US Open","Hard",128,"G",20000828,46,102610,0,"","Albert Costa","R",180,"ESP",25.17727584,24,1132,104053,0,"WC","Andy Roddick","R",188,"USA",17.99589322,338,85,"6-3 6-7(5) 6-1 6-4",5,"R128",146,18,3,116,65,54,33,20,3,4,14,5,127,65,51,25,18,11,16,"Tarik Benhabiles",0.51,0.78,0.72,14,5,16
"2001-402","Memphis","Hard",48,"A",20010219,28,103163,3,"","Tommy Haas","R",188,"GER",22.88295688,21,1210,104053,0,"WC","Andy Roddick","R",188,"USA",18.47501711,124,310,"6-7(5) 6-0 6-4",3,"R32",115,15,4,86,51,39,24,14,0,0,15,4,111,72,44,19,14,8,12,"Tarik Benhabiles",0.65,0.61,0.71,15,4,12
"2001-424","San Jose","Hard",32,"A",20010226,20,102998,6,"","Jan Michael Gambill","R",190,"USA",23.73442847,26,1115,104053,0,"WC","Andy Roddick","R",188,"USA",18.49418207,123,325,"7-6(5) 7-6(1)",3,"R16",92,11,8,75,36,33,25,12,2,2,9,1,66,43,35,17,12,0,0,"Tarik Benhabiles",0.65,0.81,1,9,1,0
"2001-499","Delray Beach","Hard",32,"A",20010305,2,103181,0,"","Jiri Vanek","R",185,"CZE",22.86379192,87,458,104053,0,"WC","Andy Roddick","R",188,"USA",18.51334702,120,335,"6-4 6-7(4) 6-4",3,"R32",129,12,1,121,72,54,27,16,10,10,15,9,109,65,53,20,16,1,3,"Tarik Benhabiles",0.6,0.82,0.88,15,9,3
"2001-403","Miami Masters","Hard",96,"M",20010319,91,103720,7,"","Lleyton Hewitt","R",180,"AUS",20.06297057,7,2575,104053,0,"WC","Andy Roddick","R",188,"USA",18.55167693,119,340,"6-3 6-2",3,"QF",72,5,3,51,27,25,11,9,4,5,5,4,46,21,17,8,8,3,7,"Tarik Benhabiles",0.46,0.81,0.5,5,4,7
"2001-520","Roland Garros","Clay",128,"G",20010528,104,103720,6,"","Lleyton Hewitt","R",180,"AUS",20.25462012,6,2615,104053,0,"","Andy Roddick","R",188,"USA",18.74332649,48,808,"6-7(6) 6-4 2-2 RET",5,"R32",138,15,3,101,61,41,23,13,5,6,0,5,92,52,40,17,13,14,16,"Tarik Benhabiles",0.57,0.77,0.85,0,5,16
"2001-311","Queen's Club","Grass",56,"A",20010611,4,104022,0,"","Mikhail Youzhny","R",183,"RUS",18.96235455,84,498,104053,11,"","Andy Roddick","R",188,"USA",18.7816564,43,883,"7-6(5) 6-3",3,"R64",70,6,1,58,29,28,21,11,0,0,6,4,75,41,32,15,10,4,5,"Tarik Benhabiles",0.55,0.78,0.9,6,4,5
"2001-741","Nottingham","Grass",32,"A",20010618,30,103248,7,"","Harel Levy","R",185,"ISR",22.86926762,38,908,104053,0,"","Andy Roddick","R",188,"USA",18.80082136,40,888,"7-6(3) 5-7 6-3",3,"SF",122,9,2,113,66,50,25,16,12,14,10,7,120,70,48,27,17,5,8,"Tarik Benhabiles",0.58,0.69,0.82,10,7,8
"2001-540","Wimbledon","Grass",128,"G",20010625,103,101964,0,"WC","Goran Ivanisevic","L",193,"CRO",29.78234086,125,321,104053,0,"","Andy Roddick","R",188,"USA",18.81998631,33,962,"7-6(5) 7-5 3-6 6-3",5,"R32",114,42,5,111,79,70,19,21,2,3,22,5,120,74,58,27,21,4,6,"Tarik Benhabiles",0.62,0.78,0.9,22,5,6
"2001-423","Los Angeles","Hard",32,"A",20010723,16,103498,2,"","Marat Safin","R",193,"RUS",21.48665298,2,3805,104053,0,"","Andy Roddick","R",188,"USA",18.89664613,34,1032,"6-3 6-4",3,"R32",63,9,0,60,26,22,21,10,2,2,6,1,46,32,25,7,9,1,3,"Tarik Benhabiles",0.7,0.78,0.78,6,1,3
"2001-421","Canada Masters","Hard",64,"M",20010730,57,102318,0,"","Andrei Pavel","R",183,"ROU",27.50444901,43,815,104053,0,"","Andy Roddick","R",188,"USA",18.91581109,35,1032,"6-4 6-7(2) 6-3",3,"QF",127,7,3,105,61,46,27,16,4,4,12,5,95,59,44,19,15,3,5,"Tarik Benhabiles",0.62,0.75,0.87,12,5,5
"2001-422","Cincinnati Masters","Hard",64,"M",20010806,1,102856,1,"","Gustavo Kuerten","R",190,"BRA",24.90349076,1,4305,104053,0,"","Andy Roddick","R",188,"USA",18.93497604,27,1152,"7-6(3) 6-1",3,"R64",77,13,1,61,31,29,17,10,0,0,7,5,64,26,22,17,9,4,6,"Tarik Benhabiles",0.41,0.85,0.78,7,5,6
"2001-560","US Open","Hard",128,"G",20010827,122,103720,4,"","Lleyton Hewitt","R",180,"AUS",20.50376454,4,3145,104053,18,"","Andy Roddick","R",188,"USA",18.99247091,18,1342,"6-7(5) 6-3 6-4 3-6 6-4",5,"QF",220,15,10,164,92,76,36,25,5,6,21,10,160,82,63,44,25,7,10,"Tarik Benhabiles",0.51,0.77,0.88,21,10,10
"2001-336","Hong Kong","Hard",32,"A",20010924,5,102987,0,"","Andre Sa","R",185,"BRA",24.38603696,109,393,104053,4,"","Andy Roddick","R",188,"USA",19.06913073,15,1587,"6-3 4-6 3-3 RET",3,"R32",108,8,7,95,47,36,21,13,5,8,12,4,70,44,36,12,13,3,5,"Tarik Benhabiles",0.63,0.82,0.85,12,4,5
"2001-357","Stuttgart Masters","Hard",48,"M",20011015,35,102358,0,"","Thomas Enqvist","R",190,"SWE",27.59206023,27,1180,104053,14,"","Andy Roddick","R",188,"USA",19.1266256,16,1540,"6-3 6-7(6) 7-6(5)",3,"R16",144,17,6,108,59,42,27,17,1,4,22,5,136,81,54,25,16,11,15,"Tarik Benhabiles",0.6,0.67,0.75,22,5,15
"2001-328","Basel","Carpet",32,"A",20011022,26,103819,4,"","Roger Federer","R",185,"SUI",20.20533881,13,1745,104053,6,"","Andy Roddick","R",188,"USA",19.14579055,16,1610,"3-6 6-3 7-6(5)",3,"QF",101,11,2,84,51,43,18,15,1,3,9,1,93,54,41,22,15,4,6,"Tarik Benhabiles",0.58,0.76,0.87,9,1,6
"2001-352","Paris Masters","Carpet",48,"M",20011029,18,102854,0,"","Sjeng Schalken","R",193,"NED",25.13894593,25,1163,104053,13,"","Andy Roddick","R",188,"USA",19.16495551,16,1662,"4-6 6-3 7-5",3,"R32",100,5,3,98,71,53,16,16,3,4,15,4,78,47,39,18,15,2,4,"Tarik Benhabiles",0.6,0.83,0.87,15,4,4
"2002-338","Sydney","Hard",32,"A",20020107,30,103819,2,"","Roger Federer","R",185,"SUI",20.41615332,13,1745,104053,3,"","Andy Roddick","R",188,"USA",19.35660507,15,1573,"7-6(3) 6-4",3,"SF",81,7,4,70,37,31,19,11,4,5,5,4,80,43,29,20,11,4,6,"Tarik Benhabiles",0.54,0.67,0.82,5,4,6
"2002-580","Australian Open","Hard",128,"G",20020114,76,103344,0,"","Ivan Ljubicic","R",193,"CRO",22.82546201,37,982,104053,13,"","Andy Roddick","R",188,"USA",19.37577002,15,1643,"7-6(11) 3-2 RET",5,"R64",71,7,1,65,42,33,13,9,6,6,7,1,59,32,27,15,8,0,1,"Tarik Benhabiles",0.54,0.84,0.88,7,1,1
"2002-424","San Jose","Hard",32,"A",20020225,30,101736,2,"","Andre Agassi","R",180,"USA",31.8275154,5,2520,104053,3,"","Andy Roddick","R",188,"USA",19.49075975,13,1853,"6-3 6-1",3,"SF",49,10,1,36,25,24,8,8,0,0,9,4,50,26,15,11,8,3,7,"Tarik Benhabiles",0.52,0.58,0.5,9,4,7
"2002-499","Delray Beach","Hard",32,"A",20020304,31,102106,5,"","Davide Sanguinetti","R",188,"ITA",29.52224504,60,614,104053,1,"","Andy Roddick","R",188,"USA",19.50992471,13,1913,"6-4 4-6 6-4",3,"F",112,9,0,91,48,35,29,15,5,6,14,5,89,51,43,17,15,4,6,"Tarik Benhabiles",0.57,0.84,0.87,14,5,6
"2002-403","Miami Masters","Hard",96,"M",20020318,52,103428,0,"","Juan Ignacio Chela","R",190,"ARG",22.54893908,37,1015,104053,10,"","Andy Roddick","R",188,"USA",19.54825462,12,1965,"6-3 2-6 6-4",3,"R64",91,8,3,74,30,25,24,13,0,2,14,2,86,52,36,18,14,2,5,"Tarik Benhabiles",0.6,0.69,0.79,14,2,5
"2002-410","Monte Carlo Masters","Clay",64,"M",20020415,55,103163,5,"","Tommy Haas","R",188,"GER",24.03285421,7,2475,104053,10,"","Andy Roddick","R",188,"USA",19.62491444,13,1845,"6-3 6-2",3,"R16",74,12,4,57,29,25,15,9,4,4,1,2,66,34,21,14,8,7,10,"Tarik Benhabiles",0.52,0.62,0.62,1,2,10
"2002-416","Rome Masters","Clay",64,"M",20020506,61,103163,7,"","Tommy Haas","R",188,"GER",24.09034908,7,2525,104053,13,"","Andy Roddick","R",188,"USA",19.68240931,14,1745,"6-1 7-5",3,"SF",75,10,2,57,33,27,16,10,2,2,4,2,65,42,27,10,9,6,9,"Tarik Benhabiles",0.65,0.64,0.67,4,2,9
"2002-414","Hamburg Masters","Clay",64,"M",20020513,54,102369,0,"Q","Julien Boutter","R",190,"FRA",28.10403833,60,665,104053,13,"","Andy Roddick","R",188,"USA",19.70157426,13,1895,"6-3 7-5",3,"R16",79,9,6,63,33,27,18,11,0,0,5,1,63,34,27,14,10,5,7,"Tarik Benhabiles",0.54,0.79,0.8,5,1,7
"2002-615","Dusseldorf","Clay",64,"A",20020520,1,103096,0,"","Arnaud Clement","R",173,"FRA",24.42162902,47,785,104053,0,"","Andy Roddick","R",188,"USA",19.72073922,14,1895,"3-6 6-4 6-3",3,"RR",107,1,3,82,40,29,19,14,0,4,11,3,74,40,28,17,14,1,6,"Tarik Benhabiles",0.54,0.7,0.64,11,3,6
"2002-520","Roland Garros","Clay",128,"G",20020527,57,101885,0,"","Wayne Arthurs","L",190,"AUS",31.19233402,91,430,104053,13,"","Andy Roddick","R",188,"USA",19.73990418,14,1895,"4-6 7-6(14) 4-6 7-5 6-3",5,"R128",196,25,10,172,101,78,45,27,6,8,6,7,175,94,71,51,26,8,10,"Tarik Benhabiles",0.54,0.76,0.92,6,7,10
"2002-741","Nottingham","Grass",32,"A",20020617,1,102035,0,"","Jonas Bjorkman","R",183,"SWE",30.23408624,60,660,104053,1,"","Andy Roddick","R",188,"USA",19.79739904,14,1825,"7-5 7-5",3,"R32",90,5,2,75,52,45,7,12,0,0,6,4,70,50,38,10,8,3,5,"Tarik Benhabiles",0.71,0.76,0.75,6,4,5
"2002-540","Wimbledon","Grass",128,"G",20020624,106,102257,23,"","Greg Rusedski","L",193,"GBR",28.79671458,39,920,104053,11,"","Andy Roddick","R",188,"USA",19.816564,14,1825,"6-3 6-4 6-2",5,"R32",85,12,3,80,54,43,19,14,2,2,4,6,77,45,33,14,13,3,7,"Tarik Benhabiles",0.58,0.73,0.69,4,6,7
"2002-423","Los Angeles","Hard",32,"A",20020722,29,102998,0,"","Jan Michael Gambill","R",190,"USA",25.13347023,53,730,104053,4,"","Andy Roddick","R",188,"USA",19.89322382,12,1825,"7-5 6-3",3,"SF",71,12,0,61,39,31,11,11,2,3,6,1,53,36,24,9,10,0,3,"Tarik Benhabiles",0.68,0.67,0.7,6,1,3
"2002-421","Canada Masters","Hard",64,"M",20020729,63,103084,0,"","Guillermo Canas","R",185,"ARG",24.67351129,19,1530,104053,12,"","Andy Roddick","R",188,"USA",19.91238877,12,1825,"6-4 7-5",3,"F",76,9,1,56,36,29,13,11,0,1,9,5,55,37,26,10,11,1,4,"Tarik Benhabiles",0.67,0.7,0.73,9,5,4
"2002-422","Cincinnati Masters","Hard",64,"M",20020805,58,103602,0,"","Fernando Gonzalez","R",183,"CHI",22.01779603,39,866,104053,12,"","Andy Roddick","R",188,"USA",19.93155373,9,2050,"7-6(4) 7-6(6)",3,"QF",114,4,6,82,56,48,9,12,4,6,19,8,102,58,42,20,12,5,7,"Tarik Benhabiles",0.57,0.72,0.83,19,8,7
"2002-418","Washington","Hard",56,"A",20020812,48,101897,16,"","Fernando Meligeni","L",180,"BRA",31.33470226,61,637,104053,2,"","Andy Roddick","R",188,"USA",19.95071869,9,2170,"6-4 6-4",3,"R16",90,1,3,63,37,28,15,10,5,6,3,6,72,32,24,18,10,5,8,"Tarik Benhabiles",0.44,0.75,0.7,3,6,8
"2002-560","US Open","Hard",128,"G",20020826,123,101948,17,"","Pete Sampras","R",185,"USA",31.03901437,17,1560,104053,11,"","Andy Roddick","R",188,"USA",19.9890486,11,1995,"6-3 6-2 6-4",5,"QF",89,13,8,75,34,29,28,14,1,1,8,3,69,47,34,10,13,2,6,"Tarik Benhabiles",0.68,0.72,0.69,8,3,6
"2002-1536","Madrid Masters","Hard",48,"M",20021014,26,104022,0,"","Mikhail Youzhny","R",183,"RUS",20.30390144,44,773,104053,10,"","Andy Roddick","R",188,"USA",20.12320329,13,1995,"6-3 6-4",3,"R32",68,2,1,64,43,36,10,10,1,1,6,2,54,36,28,7,9,4,6,"Tarik Benhabiles",0.67,0.78,0.78,6,2,6
"2002-328","Basel","Carpet",32,"A",20021021,26,103819,3,"","Roger Federer","R",185,"SUI",21.2019165,8,2235,104053,5,"","Andy Roddick","R",188,"USA",20.14236824,12,1925,"7-6(5) 6-1",3,"QF",70,4,1,50,29,23,17,9,0,0,14,0,76,49,39,5,10,4,7,"Tarik Benhabiles",0.64,0.8,0.7,14,0,7
"2002-352","Paris Masters","Carpet",48,"M",20021028,42,103387,0,"","Paradorn Srichaphan","R",185,"THA",23.37303217,21,1478,104053,12,"","Andy Roddick","R",188,"USA",20.1615332,12,1925,"7-6(3) 7-6(3)",3,"QF",84,18,1,69,46,42,16,12,0,0,15,0,75,43,40,15,12,1,1,"Tarik Benhabiles",0.57,0.93,1,15,0,1
"2003-338","Sydney","Hard",32,"A",20030106,18,102703,0,"Q","Hyung Taik Lee","R",180,"KOR",27.00889802,85,463,104053,6,"","Andy Roddick","R",188,"USA",20.35318275,10,2045,"7-6(5) 7-5",3,"R16",161,4,2,82,55,39,15,12,3,5,10,5,89,53,35,18,12,6,9,"Tarik Benhabiles",0.6,0.66,0.75,10,5,9
"2003-580","Australian Open","Hard",128,"G",20030113,125,102783,31,"","Rainer Schuettler","R",180,"GER",26.71868583,36,945,104053,9,"","Andy Roddick","R",188,"USA",20.37234771,10,2045,"7-5 2-6 6-3 6-3",5,"SF",139,6,4,102,54,41,30,19,3,6,11,4,123,76,52,21,19,8,13,"Tarik Benhabiles",0.62,0.68,0.74,11,4,13
"2003-402","Memphis","Hard",32,"A",20030217,31,103758,0,"","Taylor Dent","R",188,"USA",21.81793292,68,597,104053,1,"","Andy Roddick","R",188,"USA",20.46817248,6,2460,"6-1 6-4",3,"F",60,11,4,49,19,17,22,9,3,3,7,3,53,34,23,7,8,1,4,"Tarik Benhabiles",0.64,0.68,0.62,7,3,4
"2003-499","Delray Beach","Hard",32,"A",20030303,1,103888,0,"","Mardy Fish","R",188,"USA",21.229295,66,604,104053,1,"","Andy Roddick","R",188,"USA",20.5065024,6,2370,"7-6(4) 4-3 RET",3,"R32",83,9,2,72,37,30,18,10,6,7,7,2,59,36,33,8,9,3,4,"Tarik Benhabiles",0.61,0.92,0.89,7,2,4
"2003-404","Indian Wells Masters","Hard",64,"M",20030310,60,102783,15,"","Rainer Schuettler","R",180,"GER",26.87200548,15,1570,104053,6,"","Andy Roddick","R",188,"USA",20.52566735,6,2275,"6-3 6-2",3,"QF",60,1,1,50,35,28,9,9,3,3,4,4,48,28,21,7,8,1,4,"Tarik Benhabiles",0.58,0.75,0.62,4,4,4
"2003-403","Miami Masters","Hard",96,"M",20030317,72,101774,0,"","Todd Martin","R",198,"USA",32.6899384,114,340,104053,8,"","Andy Roddick","R",188,"USA",20.54483231,6,2400,"7-6(3) 6-4",3,"R32",105,12,7,84,48,37,20,11,4,5,10,4,69,43,34,11,11,1,3,"Tarik Benhabiles",0.62,0.79,0.82,10,4,3
"2003-410","Monte Carlo Masters","Clay",64,"M",20030414,9,102287,0,"Q","Albert Portas","R",188,"ESP",29.40999316,96,427,104053,3,"","Andy Roddick","R",188,"USA",20.62149213,6,2430,"7-6(5) 6-3",3,"R64",79,4,3,71,44,36,16,11,1,1,3,1,64,44,30,13,10,1,2,"Tarik Benhabiles",0.69,0.68,0.9,3,1,2
"2003-717","Houston","Clay",32,"A",20030421,31,101736,1,"","Andre Agassi","R",180,"USA",32.97741273,2,4295,104053,2,"","Andy Roddick","R",188,"USA",20.64065708,6,2360,"3-6 6-3 6-4",3,"F",95,5,0,77,58,40,12,14,3,5,11,2,84,47,32,20,14,0,3,"Tarik Benhabiles",0.56,0.68,0.79,11,2,3
"2003-416","Rome Masters","Clay",64,"M",20030505,40,103280,0,"Q","Martin Verkerk","R",196,"NED",24.50924025,68,607,104053,5,"","Andy Roddick","R",188,"USA",20.678987,6,2305,"6-7(6) 6-3 6-4",3,"R32",114,19,8,91,50,46,22,16,2,3,12,2,100,52,42,25,15,4,7,"Tarik Benhabiles",0.52,0.81,0.8,12,2,7
"2003-414","Hamburg Masters","Clay",64,"M",20030512,37,102860,0,"","Agustin Calleri","R",183,"ARG",26.65571526,31,1050,104053,4,"","Andy Roddick","R",188,"USA",20.69815195,6,2115,"3-6 6-2 6-3",3,"R32",96,9,2,80,45,35,20,13,5,6,3,2,72,37,29,19,13,3,6,"Tarik Benhabiles",0.51,0.78,0.77,3,2,6
"2003-520","Roland Garros","Clay",128,"G",20030526,32,102227,0,"","Sargis Sargsian","R",180,"ARM",29.97672827,67,623,104053,6,"","Andy Roddick","R",188,"USA",20.73648186,6,2225,"6-7(3) 6-1 6-2 6-4",5,"R128",140,11,2,108,68,57,22,19,4,5,7,5,119,62,43,25,18,9,15,"Tarik Benhabiles",0.52,0.69,0.67,7,5,15
"2003-540","Wimbledon","Grass",128,"G",20030623,125,103819,4,"","Roger Federer","R",185,"SUI",21.87268994,5,2580,104053,5,"","Andy Roddick","R",188,"USA",20.81314168,6,2390,"7-6(6) 6-3 6-3",5,"SF",103,17,0,84,51,42,25,15,2,2,4,0,99,57,42,21,15,5,8,"Brad Gilbert",0.58,0.74,0.8,4,0,8
"2003-418","Washington","Hard",48,"A",20030728,46,102450,10,"","Tim Henman","R",185,"GBR",28.88980151,38,915,104053,2,"","Andy Roddick","R",188,"USA",20.90896646,6,2890,"1-6 6-3 7-6(1)",3,"SF",109,8,2,84,48,39,19,14,5,7,11,2,75,41,33,22,14,1,2,"Brad Gilbert",0.55,0.8,0.93,11,2,2
"2003-1536","Madrid Masters","Hard",48,"M",20031013,40,103454,0,"","Nicolas Massu","R",183,"CHI",24.00821355,21,1192,104053,2,"","Andy Roddick","R",188,"USA",21.11978097,2,4165,"7-6(3) 6-2",3,"R16",81,5,1,57,40,36,9,10,1,2,6,3,59,31,23,14,10,1,4,"Brad Gilbert",0.53,0.74,0.7,6,3,4
"2003-328","Basel","Carpet",32,"A",20031020,29,103900,4,"","David Nalbandian","R",180,"ARG",21.79876797,9,2070,104053,1,"","Andy Roddick","R",188,"USA",21.13894593,2,4235,"7-5 7-5",3,"SF",95,3,4,69,43,31,16,12,0,1,13,1,76,44,28,18,12,2,5,"Brad Gilbert",0.58,0.64,0.75,13,1,5
"2003-352","Paris Masters","Carpet",48,"M",20031027,46,102450,0,"","Tim Henman","R",185,"GBR",29.13894593,31,1055,104053,2,"","Andy Roddick","R",188,"USA",21.15811088,2,4235,"7-6(4) 7-6(7)",3,"SF",121,5,4,90,59,47,14,12,4,5,10,1,89,51,36,20,12,2,3,"Brad Gilbert",0.57,0.71,0.92,10,1,3
"2003-605","Masters Cup","Hard",8,"F",20031110,4,103819,0,"","Roger Federer","R",185,"SUI",22.25598905,3,3625,104053,0,"","Andy Roddick","R",188,"USA",21.19644079,1,4335,"7-6(2) 6-2",3,"SF",62,12,2,56,31,27,19,10,0,0,5,1,63,46,34,6,10,0,2,"Brad Gilbert",0.73,0.74,0.8,5,1,2
"2003-605","Masters Cup","Hard",8,"F",20031110,11,102783,0,"","Rainer Schuettler","R",180,"GER",27.54277892,6,3005,104053,0,"","Andy Roddick","R",188,"USA",21.19644079,1,4335,"4-6 7-6(4) 7-6(3)",3,"RR",155,2,3,129,83,55,25,17,4,7,12,8,116,61,49,25,17,6,8,"Brad Gilbert",0.53,0.8,0.88,12,8,8
"2004-451","Doha","Hard",32,"A",20040105,17,102035,0,"","Jonas Bjorkman","R",183,"SWE",31.78644764,30,0,104053,1,"","Andy Roddick","R",188,"USA",21.34976044,1,0,"6-3 6-4",3,"R16",70,8,3,55,28,24,17,10,1,1,6,2,59,33,23,13,9,3,5,"Brad Gilbert",0.56,0.7,0.78,6,2,5
"2004-580","Australian Open","Hard",128,"G",20040119,121,103498,0,"","Marat Safin","R",193,"RUS",23.97809719,86,430,104053,1,"","Andy Roddick","R",188,"USA",21.38809035,1,4535,"2-6 6-3 7-5 6-7(0) 6-4",5,"QF",203,19,6,152,82,61,39,25,4,7,18,2,150,95,71,31,26,9,14,"Brad Gilbert",0.63,0.75,0.81,18,2,14
"2004-402","Memphis","Hard",32,"A",20040216,25,102358,0,"","Thomas Enqvist","R",190,"SWE",29.9301848,80,458,104053,1,"","Andy Roddick","R",188,"USA",21.46475017,2,4390,"7-6(8) 6-3",3,"QF",78,9,3,73,42,38,15,11,3,3,17,7,71,42,32,14,10,4,5,"Brad Gilbert",0.59,0.76,0.9,17,7,5
"2004-433","Scottsdale","Hard",32,"A",20040301,29,102434,4,"","Vincent Spadea","R",183,"USA",29.61806982,29,1030,104053,1,"","Andy Roddick","R",188,"USA",21.50308008,3,4335,"6-7(5) 6-3 6-4",3,"SF",123,4,3,105,64,43,26,16,2,4,6,5,95,59,41,15,15,3,7,"Brad Gilbert",0.62,0.69,0.73,6,5,7
"2004-404","Indian Wells Masters","Hard",96,"M",20040308,91,102450,9,"","Tim Henman","R",185,"GBR",29.50308008,10,1700,104053,3,"","Andy Roddick","R",188,"USA",21.52224504,3,4335,"6-7(6) 7-6(1) 6-3",3,"QF",152,6,3,120,74,56,25,17,5,7,12,4,102,60,41,26,16,4,7,"Brad Gilbert",0.59,0.68,0.81,12,4,7
"2004-717","Houston","Clay",32,"A",20040412,31,103163,0,"","Tommy Haas","R",188,"GER",26.02600958,349,90,104053,1,"","Andy Roddick","R",188,"USA",21.61806982,2,4800,"6-3 6-4",3,"F",71,3,3,56,35,28,14,10,3,3,6,1,53,35,21,12,9,2,4,"Brad Gilbert",0.66,0.6,0.78,6,1,4
"2004-416","Rome Masters","Clay",64,"M",20040503,32,103084,0,"","Guillermo Canas","R",185,"ARG",26.4366872,80,504,104053,2,"","Andy Roddick","R",188,"USA",21.67556468,2,4795,"7-6(7) 6-1",3,"R64",82,5,5,78,44,34,19,10,6,7,4,2,57,28,21,16,9,6,9,"Brad Gilbert",0.49,0.75,0.67,4,2,9
"2004-520","Roland Garros","Clay",128,"G",20040524,96,103133,0,"","Olivier Mutis","R",175,"FRA",26.30527036,125,321,104053,2,"","Andy Roddick","R",188,"USA",21.73305955,2,4665,"3-6 6-3 6-7(5) 6-3 6-2",5,"R64",191,10,1,163,99,64,32,24,8,14,15,6,148,78,52,32,23,10,19,"Brad Gilbert",0.53,0.67,0.61,15,6,19
"2004-540","Wimbledon","Grass",128,"G",20040621,127,103819,1,"","Roger Federer","R",185,"SUI",22.86926762,1,5610,104053,2,"","Andy Roddick","R",188,"USA",21.80971937,2,4695,"4-6 7-5 7-6(3) 6-4",5,"F",151,12,3,154,95,64,34,22,10,14,11,5,133,81,60,21,22,5,10,"Brad Gilbert",0.61,0.74,0.77,11,5,10
"2004-421","Canada Masters","Hard",64,"M",20040726,63,103819,1,"","Roger Federer","R",185,"SUI",22.9650924,1,5665,104053,2,"","Andy Roddick","R",188,"USA",21.90554415,2,4945,"7-5 6-3",3,"F",85,13,1,65,38,28,19,11,4,4,4,2,72,49,33,11,10,7,9,"Brad Gilbert",0.68,0.67,0.8,4,2,9
"2004-422","Cincinnati Masters","Hard",64,"M",20040802,62,101736,11,"","Andre Agassi","R",180,"USA",34.26146475,11,1890,104053,2,"","Andy Roddick","R",188,"USA",21.9247091,2,5185,"7-5 6-7(2) 7-6(2)",3,"SF",126,16,3,99,65,53,27,18,0,0,30,3,107,67,58,21,18,3,4,"Brad Gilbert",0.63,0.87,0.94,30,3,4
"2004-560","US Open","Hard",128,"G",20040830,124,104026,28,"","Joachim Johansson","R",198,"SWE",22.16563997,30,1024,104053,2,"","Andy Roddick","R",188,"USA",22.00136893,2,4520,"6-4 6-4 3-6 2-6 6-4",5,"QF",173,30,6,162,99,74,27,23,12,15,34,5,118,75,64,27,24,2,5,"Brad Gilbert",0.64,0.85,0.88,34,5,5
"2004-1720","Bangkok","Hard",32,"A",20040927,31,103819,1,"","Roger Federer","R",185,"SUI",23.137577,1,6760,104053,2,"","Andy Roddick","R",188,"USA",22.07802875,2,3770,"6-4 6-0",3,"F",57,11,2,52,32,23,13,8,2,2,8,2,57,40,23,6,8,4,8,"Brad Gilbert",0.7,0.57,0.5,8,2,8
"2004-352","Paris Masters","Carpet",48,"M",20041101,33,103018,0,"Q","Max Mirnyi","R",196,"BLR",27.32375086,71,575,104053,1,"","Andy Roddick","R",188,"USA",22.17385353,2,3555,"7-6(2) 6-2",3,"R16",65,14,1,52,34,30,14,10,0,0,13,1,61,35,25,12,10,1,3,"Brad Gilbert",0.57,0.71,0.8,13,1,3
"2004-605","Masters Cup","Hard",8,"F",20041115,11,103720,0,"","Lleyton Hewitt","R",180,"AUS",23.72347707,3,3190,104053,0,"","Andy Roddick","R",188,"USA",22.21218344,2,3355,"6-3 6-2",3,"SF",58,3,1,45,21,18,19,9,0,0,9,1,44,29,18,6,8,3,6,"Brad Gilbert",0.66,0.62,0.62,9,1,6
"2004-D015","Davis Cup WG F: ESP vs USA","Clay",4,"D",20041203,2,104745,0,"","Rafael Nadal","L",185,"ESP",18.49144422,51,775,104053,0,"","Andy Roddick","R",188,"USA",22.25051335,2,3655,"6-7(6) 6-2 7-6(6) 6-2",5,"F",219,3,3,138,109,74,17,19,4,6,14,8,162,91,59,28,19,11,17,"Brad Gilbert",0.56,0.65,0.68,14,8,17
"2004-D015","Davis Cup WG F: ESP vs USA","Clay",4,"D",20041203,3,102845,0,"","Carlos Moya","R",190,"ESP",28.25735797,5,2520,104053,0,"","Andy Roddick","R",188,"USA",22.25051335,2,3655,"6-2 7-6(1) 7-6(5)",5,"F",149,7,4,112,72,56,21,16,7,8,12,6,115,67,51,23,16,3,6,"Brad Gilbert",0.58,0.76,0.81,12,6,6
"2005-580","Australian Open","Hard",128,"G",20050117,126,103720,3,"","Lleyton Hewitt","R",180,"AUS",23.89596167,3,3590,104053,2,"","Andy Roddick","R",188,"USA",22.38466804,2,3655,"3-6 7-6(3) 7-6(4) 6-1",5,"SF",174,14,7,135,84,70,24,20,6,8,31,9,134,75,61,25,20,9,12,"Dean Goldfine",0.56,0.81,0.85,31,9,12
"2005-D008","Davis Cup WG R1: USA vs CRO","Hard",4,"D",20050304,3,103344,0,"","Ivan Ljubicic","R",193,"CRO",25.94934976,14,1575,104053,0,"","Andy Roddick","R",188,"USA",22.49965777,3,3855,"4-6 6-3 7-6(11) 6-7(7) 6-2",5,"RR",239,19,2,176,101,77,42,26,7,9,19,3,163,110,85,26,24,4,8,"Dean Goldfine",0.67,0.77,0.83,19,3,8
"2005-404","Indian Wells Masters","Hard",96,"M",20050307,94,103720,2,"","Lleyton Hewitt","R",180,"AUS",24.03011636,2,3990,104053,3,"","Andy Roddick","R",188,"USA",22.51882272,3,3855,"7-6(2) 6-7(3) 7-6(4)",3,"SF",153,10,0,116,64,51,33,18,6,7,25,1,123,74,61,23,18,8,9,"Dean Goldfine",0.6,0.82,0.94,25,1,9
"2005-403","Miami Masters","Hard",96,"M",20050321,64,104269,0,"","Fernando Verdasco","L",188,"ESP",21.34702259,45,813,104053,2,"","Andy Roddick","R",188,"USA",22.55715264,3,3955,"7-6(9) 4-3 RET",3,"R64",76,8,2,60,44,34,10,10,1,2,10,5,59,40,33,7,9,1,2,"Dean Goldfine",0.68,0.82,0.89,10,5,2
"2005-416","Rome Masters","Clay",64,"M",20050502,49,104269,0,"","Fernando Verdasco","L",188,"ESP",21.46201232,56,685,104053,1,"","Andy Roddick","R",188,"USA",22.67214237,3,3515,"6-7(1) 7-6(3) 6-4",3,"R16",154,13,2,118,88,67,11,17,11,14,12,0,121,87,61,13,17,9,13,"Dean Goldfine",0.72,0.7,0.76,12,0,13
"2005-414","Hamburg Masters","Clay",64,"M",20050509,32,103454,0,"","Nicolas Massu","R",183,"CHI",25.5797399,25,1175,104053,2,"","Andy Roddick","R",188,"USA",22.69130732,3,3585,"7-6(4) 4-6 7-5",3,"R64",178,8,1,113,73,46,24,17,5,9,19,3,115,75,53,18,17,7,11,"Dean Goldfine",0.65,0.71,0.76,19,3,11
"2005-520","Roland Garros","Clay",128,"G",20050523,96,104076,0,"","Jose Acasuso","R",190,"ARG",22.59000684,62,631,104053,2,"","Andy Roddick","R",188,"USA",22.72963723,3,3590,"3-6 4-6 6-4 6-3 8-6",5,"R64",201,20,9,149,77,63,39,26,7,10,13,5,150,97,77,22,26,3,7,"Dean Goldfine",0.65,0.79,0.85,13,5,7
"2005-540","Wimbledon","Grass",128,"G",20050620,127,103819,1,"","Roger Federer","R",185,"SUI",23.86584531,1,6980,104053,2,"","Andy Roddick","R",188,"USA",22.80629706,4,3590,"6-2 7-6(2) 6-4",5,"F",101,12,0,79,49,40,22,15,1,2,7,1,96,68,46,11,15,5,9,"Dean Goldfine",0.71,0.68,0.73,7,1,9
"2005-419","Indianapolis","Hard",48,"A",20050718,41,104068,0,"","Robby Ginepri","R",183,"USA",22.77891855,98,415,104053,1,"","Andy Roddick","R",188,"USA",22.88295688,4,3590,"4-6 7-6(2) 7-5",3,"QF",123,12,5,112,67,53,23,17,9,11,16,8,100,57,53,16,17,5,7,"Dean Goldfine",0.57,0.93,0.88,16,8,7
"2005-421","Canada Masters","Hard",64,"M",20050808,9,103908,0,"","Paul Henri Mathieu","R",185,"FRA",23.57015743,63,598,104053,3,"","Andy Roddick","R",188,"USA",22.94045175,5,3175,"7-5 6-3",3,"R64",80,14,2,59,32,27,18,11,2,3,3,1,50,27,22,11,10,0,3,"Dean Goldfine",0.54,0.81,0.7,3,1,3
"2005-422","Cincinnati Masters","Hard",64,"M",20050815,63,103819,1,"","Roger Federer","R",185,"SUI",24.01916496,1,6500,104053,5,"","Andy Roddick","R",188,"USA",22.9596167,5,3130,"6-3 7-5",3,"F",75,5,1,50,32,28,10,10,1,2,11,1,59,33,24,12,11,2,6,"Dean Goldfine",0.56,0.73,0.64,11,1,6
"2005-560","US Open","Hard",128,"G",20050829,48,104180,0,"","Gilles Muller","L",193,"LUX",22.30800821,68,531,104053,4,"","Andy Roddick","R",188,"USA",22.99794661,3,3370,"7-6(4) 7-6(8) 7-6(1)",5,"R128",125,24,3,112,65,55,31,18,0,1,16,0,105,76,61,19,18,5,6,"Dean Goldfine",0.72,0.8,0.94,16,0,6
"2005-1536","Madrid Masters","Hard",48,"M",20051017,32,103333,0,"Q","Ivo Karlovic","R",208,"CRO",26.63381246,86,470,104053,2,"","Andy Roddick","R",188,"USA",23.1321013,3,3115,"3-6 7-6(7) 7-6(3)",3,"R32",126,17,1,96,62,52,24,16,2,3,14,5,108,69,58,24,17,2,2,"Dean Goldfine",0.64,0.84,1,14,5,2
"2005-352","Paris Masters","Carpet",48,"M",20051031,45,103344,6,"","Ivan Ljubicic","R",193,"CRO",26.6201232,10,1765,104053,1,"","Andy Roddick","R",188,"USA",23.17043121,3,3235,"6-3 7-5",3,"SF",65,15,1,50,29,26,18,11,0,0,10,1,58,36,28,10,10,3,5,"Dean Goldfine",0.62,0.78,0.8,10,1,5
"2006-580","Australian Open","Hard",128,"G",20060116,120,104571,0,"","Marcos Baghdatis","R",183,"CYP",20.58316222,54,684,104053,2,"","Andy Roddick","R",188,"USA",23.38124572,3,3085,"6-4 1-6 6-3 6-4",5,"R16",152,16,1,125,60,43,37,18,7,9,15,4,108,65,48,24,18,7,10,"Dean Goldfine",0.6,0.74,0.83,15,4,10
"2006-D007","Davis Cup WG R1: USA vs ROU","Hard",4,"D",20060210,1,102318,0,"","Andrei Pavel","R",183,"ROU",32.02737851,82,485,104053,0,"","Andy Roddick","R",188,"USA",23.43874059,3,2785,"6-7(2) 2-6 7-6(8) 6-2 6-4",5,"RR",223,11,4,176,121,77,29,25,12,17,22,11,176,102,76,28,25,11,17,"John Roddick",0.58,0.75,0.76,22,11,17
"2006-424","San Jose","Hard",32,"A",20060213,29,104918,0,"","Andy Murray","R",190,"GBR",18.75154004,60,593,104053,1,"","Andy Roddick","R",188,"USA",23.45790554,3,2720,"7-5 7-5",3,"SF",69,7,2,76,47,32,18,12,3,4,6,2,67,37,28,14,12,4,7,"John Roddick",0.55,0.76,0.75,6,2,7
"2006-402","Memphis","Hard",32,"A",20060220,25,103898,0,"Q","Julien Benneteau","R",185,"FRA",24.16974675,122,340,104053,1,"","Andy Roddick","R",188,"USA",23.4770705,3,2685,"3-6 6-4 7-6(4)",3,"QF",133,18,4,99,77,56,13,15,7,9,14,3,104,74,52,15,16,7,9,"John Roddick",0.71,0.7,0.88,14,3,9
"2006-404","Indian Wells Masters","Hard",96,"M",20060306,86,104214,24,"","Igor Andreev","R",185,"RUS",22.64476386,26,1255,104053,3,"","Andy Roddick","R",188,"USA",23.51540041,3,2685,"6-4 6-7(5) 6-1",3,"R16",126,7,2,95,64,48,20,15,6,6,4,5,89,51,36,19,14,3,6,"John Roddick",0.57,0.71,0.79,4,5,6
"2006-403","Miami Masters","Hard",96,"M",20060320,90,103970,11,"","David Ferrer","R",175,"ESP",23.96440794,11,1700,104053,4,"","Andy Roddick","R",188,"USA",23.55373032,4,2535,"6-3 4-6 6-4",3,"QF",112,0,1,84,54,40,15,15,2,5,10,2,80,50,39,10,14,4,8,"John Roddick",0.62,0.78,0.71,10,2,8
"2006-717","Houston","Clay",32,"A",20060410,25,103163,5,"","Tommy Haas","R",188,"GER",28.01916496,27,1250,104053,1,"","Andy Roddick","R",188,"USA",23.61122519,4,2655,"6-7(1) 6-4 6-4",3,"QF",131,6,5,105,59,44,24,16,6,8,11,3,92,59,43,15,16,5,9,"John Roddick",0.64,0.73,0.75,11,3,9
"2006-416","Rome Masters","Clay",64,"M",20060508,59,104792,0,"","Gael Monfils","R",193,"FRA",19.68240931,35,904,104053,5,"","Andy Roddick","R",188,"USA",23.68788501,5,2515,"6-2 6-3",3,"QF",71,4,5,49,31,22,9,8,5,7,2,1,57,35,18,8,9,5,11,"John Roddick",0.61,0.51,0.33,2,1,11
"2006-615","Dusseldorf","Clay",32,"A",20060522,16,103454,35,"","Nicolas Massu","R",183,"CHI",26.3,35,860,104053,5,"","Andy Roddick","R",188,"USA",23.74537988,5,2585,"4-2 RET",3,"RR",33,1,0,16,12,10,2,3,0,0,1,0,20,9,5,7,3,2,3,"John Roddick",0.45,0.56,0.67,1,0,3
"2006-520","Roland Garros","Clay",128,"G",20060529,33,103252,0,"","Alberto Martin","R",175,"ESP",27.77275838,68,589,104053,5,"","Andy Roddick","R",188,"USA",23.74537988,5,2585,"6-4 7-5 1-0 RET",5,"R128",101,4,0,60,39,32,13,11,1,2,7,3,76,41,31,11,12,5,9,"John Roddick",0.54,0.76,0.67,7,3,9
"2006-311","Queen's Club","Grass",56,"A",20060612,54,103484,5,"","James Blake","R",185,"USA",26.45585216,7,1945,104053,3,"","Andy Roddick","R",188,"USA",23.78370979,5,2380,"7-5 6-4",3,"SF",74,8,3,65,41,28,16,11,3,4,9,1,75,58,39,5,11,3,6,"John Roddick",0.77,0.67,0.73,9,1,6
"2006-540","Wimbledon","Grass",128,"G",20060626,108,104918,0,"","Andy Murray","R",190,"GBR",19.1156742,44,826,104053,3,"","Andy Roddick","R",188,"USA",23.8220397,5,2430,"7-6(4) 6-4 6-4",5,"R32",151,6,1,115,61,45,34,16,11,12,21,3,113,78,57,14,16,9,12,"John Roddick",0.69,0.73,0.81,21,3,12
"2006-419","Indianapolis","Hard",48,"A",20060717,47,103484,1,"","James Blake","R",185,"USA",26.55167693,6,2155,104053,2,"","Andy Roddick","R",188,"USA",23.87953457,11,1805,"4-6 6-4 7-6(5)",3,"F",123,15,9,126,71,57,23,16,10,12,18,3,93,69,51,16,16,4,6,"John Roddick",0.74,0.74,0.88,18,3,6
"2006-560","US Open","Hard",128,"G",20060828,127,103819,1,"","Roger Federer","R",185,"SUI",25.05407255,1,7295,104053,9,"","Andy Roddick","R",188,"USA",23.9945243,10,1890,"6-2 4-6 7-5 6-1",5,"F",145,17,0,103,63,53,20,19,6,8,7,1,122,80,53,16,18,10,16,"Jimmy Connors",0.66,0.66,0.67,7,1,16
"2006-D014","Davis Cup WG SF: RUS vs USA","Clay",4,"D",20060922,1,103498,0,"","Marat Safin","R",193,"RUS",26.64202601,72,550,104053,0,"","Andy Roddick","R",188,"USA",24.05201917,6,2585,"6-4 6-3 7-6(5)",5,"SF",288,22,2,212,148,109,34,36,9,14,33,8,200,96,78,65,36,1,5,"Jimmy Connors",0.48,0.81,0.89,33,8,5
"2006-D014","Davis Cup WG SF: RUS vs USA","Clay",4,"D",20060922,3,104098,0,"","Dmitry Tursunov","R",185,"RUS",23.76728268,22,1165,104053,0,"","Andy Roddick","R",188,"USA",24.05201917,6,2585,"6-3 6-4 5-7 3-6 17-15",5,"SF",130,17,2,90,50,41,25,15,3,4,6,3,99,53,41,22,16,4,8,"Jimmy Connors",0.54,0.77,0.75,6,3,8
"2006-337","Vienna","Hard",32,"A",20061009,30,103602,5,"","Fernando Gonzalez","R",183,"CHI",26.19575633,10,1850,104053,3,"","Andy Roddick","R",188,"USA",24.10951403,6,2585,"6-4 3-6 7-6(5)",3,"SF",127,9,3,90,63,51,15,15,0,1,12,0,111,76,50,25,16,4,5,"Jimmy Connors",0.68,0.66,0.94,12,0,5
"2006-1536","Madrid Masters","Hard",48,"M",20061016,39,104607,11,"","Tomas Berdych","R",196,"CZE",21.07871321,11,1860,104053,6,"","Andy Roddick","R",188,"USA",24.12867899,6,2635,"7-6(7) 6-3",3,"R16",81,23,2,65,46,41,11,11,0,0,12,4,63,44,36,11,10,3,4,"Jimmy Connors",0.7,0.82,0.9,12,4,4
"2006-605","Masters Cup","Hard",8,"F",20061113,2,103819,0,"","Roger Federer","R",185,"SUI",25.26488706,1,7620,104053,0,"","Andy Roddick","R",188,"USA",24.20533881,5,2315,"4-6 7-6(8) 6-4",3,"RR",149,12,4,107,64,50,25,16,3,4,12,1,108,68,55,19,16,6,7,"Jimmy Connors",0.63,0.81,0.94,12,1,7
"2006-605","Masters Cup","Hard",8,"F",20061113,7,103900,0,"","David Nalbandian","R",180,"ARG",24.86516085,7,2195,104053,0,"","Andy Roddick","R",188,"USA",24.20533881,5,2315,"6-2 7-6(4)",3,"RR",98,2,6,71,41,31,18,10,4,5,18,1,69,52,36,5,10,5,8,"Jimmy Connors",0.75,0.69,0.7,18,1,8
"2007-580","Australian Open","Hard",128,"G",20070115,125,103819,1,"","Roger Federer","R",185,"SUI",25.43737166,1,8120,104053,6,"","Andy Roddick","R",188,"USA",24.37782341,7,2415,"6-4 6-0 6-2",5,"SF",83,10,2,63,32,26,21,12,0,1,4,2,65,41,22,7,12,0,7,"Jimmy Connors",0.63,0.54,0.42,4,2,7
"2007-424","San Jose","Hard",32,"A",20070212,29,104918,3,"","Andy Murray","R",190,"GBR",19.74811773,13,1650,104053,1,"","Andy Roddick","R",188,"USA",24.45448323,4,2715,"7-6(8) 6-4",3,"SF",93,14,2,74,37,33,16,11,5,6,9,3,70,49,40,5,11,2,4,"Jimmy Connors",0.7,0.82,0.82,9,3,4
"2007-402","Memphis","Hard",32,"A",20070219,31,103163,2,"","Tommy Haas","R",188,"GER",28.88158795,9,2020,104053,1,"","Andy Roddick","R",188,"USA",24.47364819,4,2715,"6-3 6-2",3,"F",62,8,2,43,25,24,12,9,0,0,7,2,53,27,20,10,8,5,8,"Jimmy Connors",0.51,0.74,0.62,7,2,8
"2007-404","Indian Wells Masters","Hard",96,"M",20070305,94,104745,2,"","Rafael Nadal","L",185,"ESP",20.75290897,2,4480,104053,3,"","Andy Roddick","R",188,"USA",24.5119781,3,2830,"6-4 6-3",3,"SF",74,6,1,45,38,31,5,9,0,0,16,2,65,38,28,11,10,7,10,"Jimmy Connors",0.58,0.74,0.7,16,2,10
"2007-403","Miami Masters","Hard",96,"M",20070319,91,104918,12,"","Andy Murray","R",190,"GBR",19.84394251,12,1905,104053,3,"","Andy Roddick","R",188,"USA",24.55030801,3,2980,"5-3 RET",3,"QF",36,2,1,22,14,11,5,4,0,0,2,1,24,13,11,5,4,3,4,"Jimmy Connors",0.54,0.85,0.75,2,1,4
"2007-416","Rome Masters","Clay",56,"M",20070507,43,103428,0,"","Juan Ignacio Chela","R",190,"ARG",27.68514716,23,1125,104053,3,"","Andy Roddick","R",188,"USA",24.6844627,3,2980,"6-0 6-4",3,"R16",70,3,1,43,27,21,12,8,3,3,2,1,52,26,16,12,8,4,8,"Jimmy Connors",0.5,0.62,0.5,2,1,8
"2007-306","Poertschach","Clay",32,"A",20070520,28,104792,0,"WC","Gael Monfils","R",193,"FRA",20.71731691,75,537,104053,2,"","Andy Roddick","R",188,"USA",24.72279261,3,2930,"7-5 6-3",3,"QF",164,7,4,68,31,25,21,11,5,6,0,3,55,25,18,17,10,1,4,"Jimmy Connors",0.45,0.72,0.7,0,3,4
"2007-520","Roland Garros","Clay",128,"G",20070528,48,104214,0,"","Igor Andreev","R",185,"RUS",23.87132101,125,340,104053,3,"","Andy Roddick","R",188,"USA",24.74195756,3,2930,"3-6 6-4 6-3 6-4",5,"R128",163,8,3,120,76,51,29,19,10,12,5,3,126,77,48,27,19,7,11,"Jimmy Connors",0.61,0.62,0.79,5,3,11
"2007-540","Wimbledon","Grass",128,"G",20070625,122,104755,12,"","Richard Gasquet","R",185,"FRA",21.01848049,14,1775,104053,3,"","Andy Roddick","R",188,"USA",24.81861739,3,3055,"4-6 4-6 7-6(2) 7-6(3) 8-6",5,"QF",214,23,4,179,116,90,41,29,7,10,22,4,170,107,86,33,29,4,6,"Jimmy Connors",0.63,0.8,0.93,22,4,6
"2007-419","Indianapolis","Hard",32,"A",20070723,29,104433,0,"","Frank Dancevic","R",185,"CAN",22.81998631,109,393,104053,1,"","Andy Roddick","R",188,"USA",24.89527721,5,3130,"6-4 7-6(1)",3,"SF",96,15,1,66,34,26,22,11,5,6,8,5,78,37,26,21,11,3,5,"Jimmy Connors",0.47,0.7,0.82,8,5,5
"2007-421","Canada Masters","Hard",56,"M",20070805,51,104925,3,"","Novak Djokovic","R",188,"SRB",20.20807666,4,3200,104053,5,"","Andy Roddick","R",188,"USA",24.93360712,3,3290,"7-6(4) 6-4",3,"QF",106,13,5,74,47,38,13,11,2,3,5,1,72,48,34,13,11,4,6,"Jimmy Connors",0.67,0.71,0.82,5,1,6
"2007-422","Cincinnati Masters","Hard",56,"M",20070813,46,103970,16,"","David Ferrer","R",175,"ESP",25.36344969,15,1565,104053,3,"","Andy Roddick","R",188,"USA",24.95277207,4,3415,"7-6(4) 6-4",3,"R16",85,9,1,68,47,40,13,11,3,3,9,1,58,36,32,14,11,0,1,"Jimmy Connors",0.62,0.89,0.91,9,1,1
"2007-560","US Open","Hard",128,"G",20070827,121,103819,1,"","Roger Federer","R",185,"SUI",26.05065024,1,7605,104053,5,"","Andy Roddick","R",188,"USA",24.99110198,5,2990,"7-6(5) 7-6(4) 6-2",5,"QF",121,15,0,101,62,50,28,16,1,1,14,0,103,74,57,14,16,2,4,"Jimmy Connors",0.72,0.77,0.88,14,0,4
"2007-375","Lyon","Carpet",32,"A",20071022,1,102148,0,"","Fabrice Santoro","R",178,"FRA",34.86652977,46,719,104053,1,"","Andy Roddick","R",188,"USA",25.14442163,5,2430,"7-6(5) 2-6 6-4",3,"R32",121,11,2,94,56,44,20,15,2,4,17,4,96,64,47,17,15,1,2,"Jimmy Connors",0.67,0.73,0.93,17,4,2
"2007-605","Masters Cup","Hard",8,"F",20071112,8,103970,0,"","David Ferrer","R",175,"ESP",25.61259411,6,2250,104053,0,"","Andy Roddick","R",188,"USA",25.2019165,5,2330,"6-1 6-3",3,"SF",73,3,6,56,36,30,8,8,3,3,4,1,49,30,17,9,8,5,9,"Jimmy Connors",0.61,0.57,0.5,4,1,9
"2007-605","Masters Cup","Hard",8,"F",20071112,12,103819,0,"","Roger Federer","R",185,"SUI",26.26146475,1,6530,104053,0,"","Andy Roddick","R",188,"USA",25.2019165,5,2330,"6-4 6-2",3,"RR",61,7,0,47,39,29,7,9,0,0,7,2,54,34,23,7,9,3,6,"Jimmy Connors",0.63,0.68,0.67,7,2,6
"2008-580","Australian Open","Hard",128,"G",20080114,109,104259,29,"","Philipp Kohlschreiber","R",178,"GER",24.24640657,27,1075,104053,6,"","Andy Roddick","R",188,"USA",25.3744011,6,2530,"6-4 3-6 7-6(9) 6-7(3) 8-6",5,"R32",230,32,2,165,107,91,37,28,8,9,42,3,182,131,109,24,29,9,11,"Jimmy Connors",0.72,0.83,0.93,42,3,11
"2008-402","Memphis","Hard",32,"A",20080225,25,104417,8,"","Robin Soderling","R",193,"SWE",23.53182752,42,770,104053,1,"","Andy Roddick","R",188,"USA",25.48939083,6,2120,"7-6(6) 6-3",3,"QF",86,16,1,55,37,32,14,10,0,0,15,2,90,63,45,11,11,8,10,"Jimmy Connors",0.7,0.71,0.82,15,2,10
"2008-404","Indian Wells Masters","Hard",96,"M",20080313,40,103163,0,"","Tommy Haas","R",188,"GER",29.93566051,36,925,104053,6,"","Andy Roddick","R",188,"USA",25.52772074,6,2380,"6-4 6-4",3,"R64",85,4,0,66,48,34,12,10,2,2,6,2,52,28,22,14,10,0,2,"John Roddick",0.54,0.79,0.8,6,2,2
"2008-403","Miami Masters","Hard",96,"M",20080327,93,103786,4,"","Nikolay Davydenko","R",178,"RUS",26.80903491,4,2710,104053,6,"","Andy Roddick","R",188,"USA",25.56605065,6,2160,"7-6(5) 6-2",3,"SF",89,6,0,52,39,34,5,10,0,1,9,1,74,53,35,8,10,5,8,"John Roddick",0.72,0.66,0.7,9,1,8
"2008-416","Rome Masters","Clay",56,"M",20080505,54,104527,0,"","Stanislas Wawrinka","R",183,"SUI",23.10472279,24,1200,104053,6,"","Andy Roddick","R",188,"USA",25.68104038,6,2260,"3-0 RET",3,"SF",29,1,1,12,7,5,3,2,0,0,0,1,5,2,0,0,1,0,1,"John Roddick",0.4,0,0,0,1,1
"2008-311","Queen's Club","Grass",56,"A",20080609,53,104745,1,"","Rafael Nadal","L",185,"ESP",22.01779603,2,5585,104053,3,"","Andy Roddick","R",188,"USA",25.77686516,6,2405,"7-5 6-4",3,"SF",87,7,0,61,45,35,12,11,4,4,14,3,71,46,34,13,11,5,7,"John Roddick",0.65,0.74,0.82,14,3,7
"2008-540","Wimbledon","Grass",128,"G",20080623,81,104386,0,"","Janko Tipsarevic","R",180,"SRB",24.00273785,40,858,104053,6,"","Andy Roddick","R",188,"USA",25.81519507,6,2280,"6-7(5) 7-5 6-4 7-6(4)",5,"R64",187,14,3,162,91,71,44,23,8,8,27,4,128,91,78,19,23,0,2,"John Roddick",0.71,0.86,0.91,27,4,2
"2008-421","Canada Masters","Hard",56,"M",20080721,42,105227,0,"","Marin Cilic","R",198,"CRO",19.8110883,44,860,104053,6,"","Andy Roddick","R",188,"USA",25.89185489,6,2065,"6-4 4-6 6-4",3,"R16",115,7,3,82,41,30,26,15,2,5,13,2,88,61,41,14,15,5,9,"John Roddick",0.69,0.67,0.73,13,2,9
"2008-423","Los Angeles","Hard",28,"A",20080804,27,105223,3,"","Juan Martin Del Potro","R",198,"ARG",19.86310746,24,1090,104053,1,"","Andy Roddick","R",188,"USA",25.9301848,9,1865,"6-1 7-6(2)",3,"F",89,1,1,58,43,36,8,9,0,0,4,2,64,40,28,10,10,1,4,"John Roddick",0.62,0.7,0.7,4,2,4
"2008-418","Washington","Hard",32,"A",20080810,25,104678,0,"","Viktor Troicki","R",193,"SRB",22.49965777,93,473,104053,1,"","Andy Roddick","R",188,"USA",25.94934976,9,1860,"0-6 6-2 6-4",3,"QF",101,11,4,79,47,34,14,12,5,8,13,3,72,44,33,14,12,3,6,"John Roddick",0.61,0.75,0.75,13,3,6
"2008-560","US Open","Hard",128,"G",20080825,123,104925,3,"","Novak Djokovic","R",188,"SRB",21.26214921,3,5105,104053,8,"","Andy Roddick","R",188,"USA",25.98767967,8,1845,"6-2 6-3 3-6 7-6(5)",5,"QF",154,15,2,108,70,50,27,19,7,10,14,7,116,80,56,17,19,0,5,"John Roddick",0.69,0.7,0.74,14,7,5
"2008-D042","Davis Cup WG SF: ESP vs USA","Clay",4,"D",20080919,2,103970,0,"","David Ferrer","R",175,"ESP",26.45585216,5,2490,104053,0,"","Andy Roddick","R",188,"USA",26.04517454,8,1845,"7-6(5) 2-6 1-6 6-4 8-6",5,"SF",197,10,9,154,82,59,42,26,6,12,23,4,139,87,70,30,25,1,4,"John Roddick",0.63,0.8,0.88,23,4,4
"2008-D042","Davis Cup WG SF: ESP vs USA","Clay",4,"D",20080919,3,104745,0,"","Rafael Nadal","L",185,"ESP",22.28610541,1,7000,104053,0,"","Andy Roddick","R",188,"USA",26.04517454,8,1845,"6-4 6-0 6-4",5,"SF",133,8,1,75,60,47,9,13,7,7,8,4,97,60,33,19,13,9,14,"John Roddick",0.62,0.55,0.62,8,4,14
"2008-329","Tokyo","Hard",48,"A",20080929,46,104607,9,"","Tomas Berdych","R",196,"CZE",23.03353867,27,1065,104053,2,"","Andy Roddick","R",188,"USA",26.08350445,8,1960,"6-7(3) 7-5 7-6(3)",3,"SF",133,17,1,109,63,51,27,18,4,6,25,4,104,76,61,15,18,1,4,"John Roddick",0.73,0.8,0.83,25,4,4
"2008-1536","Madrid Masters","Hard",48,"M",20081012,37,104792,0,"","Gael Monfils","R",193,"FRA",22.11635866,18,1283,104053,8,"","Andy Roddick","R",188,"USA",26.12183436,8,1970,"6-4 3-6 6-3",3,"R16",100,7,1,86,52,38,21,14,7,8,13,3,79,49,41,15,14,1,3,"John Roddick",0.62,0.84,0.86,13,3,3
"2008-375","Lyon","Carpet",32,"A",20081020,25,104417,7,"","Robin Soderling","R",193,"SWE",24.183436,27,1115,104053,1,"","Andy Roddick","R",188,"USA",26.14099932,7,2045,"7-6(5) 7-6(5)",3,"QF",84,20,6,74,45,40,18,12,1,1,22,2,81,58,46,13,12,4,4,"John Roddick",0.72,0.79,1,22,2,4
"2008-352","Paris Masters","Hard",48,"M",20081026,43,104542,13,"","Jo Wilfried Tsonga","R",188,"FRA",23.52908966,14,1485,104053,7,"","Andy Roddick","R",188,"USA",26.16016427,7,2045,"5-7 6-4 7-6(5)",3,"QF",166,15,6,144,91,61,25,17,14,17,14,0,99,66,51,17,17,2,5,"John Roddick",0.67,0.77,0.82,14,0,5
"2008-605","Masters Cup","Hard",8,"F",20081109,13,104918,0,"","Andy Murray","R",190,"GBR",21.49212868,4,3420,104053,0,"","Andy Roddick","R",188,"USA",26.19849418,6,1970,"6-4 1-6 6-1",3,"RR",96,9,4,72,45,36,11,12,2,4,3,1,67,52,38,5,12,3,6,"John Roddick",0.78,0.73,0.75,3,1,6
"2009-451","Doha","Hard",32,"A",20090105,31,104918,3,"","Andy Murray","R",190,"GBR",21.64544832,4,7050,104053,4,"","Andy Roddick","R",188,"USA",26.35181383,8,3940,"6-4 6-2",3,"F",71,5,1,50,35,28,9,9,1,1,3,0,46,32,21,6,9,0,3,"Larry Stefanki",0.7,0.66,0.67,3,0,3
"2009-580","Australian Open","Hard",128,"G",20090119,126,103819,2,"","Roger Federer","R",185,"SUI",27.44969199,2,10700,104053,7,"","Andy Roddick","R",188,"USA",26.39014374,9,3940,"6-2 7-5 7-5",5,"SF",125,16,0,96,63,52,19,16,3,3,8,2,94,61,43,17,16,9,13,"Larry Stefanki",0.65,0.7,0.75,8,2,13
"2009-424","San Jose","Hard",32,"A",20090209,29,103285,4,"","Radek Stepanek","R",185,"CZE",30.20396988,21,2440,104053,1,"","Andy Roddick","R",188,"USA",26.4476386,6,4510,"3-6 7-6(5) 6-4",3,"SF",133,12,4,104,57,43,30,15,10,11,19,1,100,78,63,9,16,3,4,"Larry Stefanki",0.78,0.81,0.94,19,1,4
"2009-404","Indian Wells Masters","Hard",96,"M",20090312,93,104745,1,"","Rafael Nadal","L",185,"ESP",22.7652293,1,14360,104053,7,"","Andy Roddick","R",188,"USA",26.52429843,7,4060,"6-4 7-6(4)",3,"SF",110,5,2,75,50,37,12,11,3,5,9,1,66,45,34,8,11,3,6,"Larry Stefanki",0.68,0.76,0.73,9,1,6
"2009-403","Miami Masters","Hard",96,"M",20090325,92,103819,2,"","Roger Federer","R",185,"SUI",27.62217659,2,10910,104053,5,"","Andy Roddick","R",188,"USA",26.56262834,6,4610,"6-3 4-6 6-4",3,"QF",123,7,5,80,51,36,20,14,2,3,6,4,101,71,48,16,15,4,7,"Larry Stefanki",0.7,0.68,0.8,6,4,7
"2009-1536","Madrid Masters","Clay",56,"M",20090510,52,103819,2,"","Roger Federer","R",185,"SUI",27.75633128,2,10170,104053,6,"","Andy Roddick","R",188,"USA",26.69678303,6,4040,"7-5 6-7(5) 6-1",3,"QF",131,15,2,97,56,49,20,16,2,3,9,1,91,61,42,16,15,5,9,"Larry Stefanki",0.67,0.69,0.73,9,1,9
"2009-520","Roland Garros","Clay",128,"G",20090525,119,104792,11,"","Gael Monfils","R",193,"FRA",22.72963723,10,3150,104053,6,"","Andy Roddick","R",188,"USA",26.73511294,6,4220,"6-4 6-2 6-3",5,"R16",111,17,3,83,49,37,20,13,9,10,4,1,84,60,35,11,14,5,11,"Larry Stefanki",0.71,0.58,0.57,4,1,11
"2009-311","Queen's Club","Grass",56,"A",20090608,54,103484,6,"","James Blake","R",185,"USA",29.44558522,16,2390,104053,2,"","Andy Roddick","R",188,"USA",26.77344285,6,4400,"4-4 RET",3,"SF",32,3,0,20,11,10,7,4,0,0,4,0,26,14,12,6,4,3,3,"Larry Stefanki",0.54,0.86,1,4,0,3
"2009-540","Wimbledon","Grass",128,"G",20090622,127,103819,2,"","Roger Federer","R",185,"SUI",27.87132101,2,10620,104053,6,"","Andy Roddick","R",188,"USA",26.81177276,6,4310,"5-7 7-6(6) 7-6(5) 3-6 16-14",5,"F",256,50,4,197,127,113,42,37,3,5,27,4,239,169,140,31,38,6,7,"Larry Stefanki",0.71,0.83,0.97,27,4,7
"2009-418","Washington","Hard",48,"A",20090802,47,105223,2,"","Juan Martin Del Potro","R",198,"ARG",20.85968515,6,5005,104053,1,"","Andy Roddick","R",188,"USA",26.92676249,5,5470,"3-6 7-5 7-6(6)",3,"F",150,19,6,95,52,40,24,16,0,3,21,4,103,70,51,16,17,2,5,"Larry Stefanki",0.68,0.73,0.82,21,4,5
"2009-421","Canada Masters","Hard",56,"M",20090810,54,105223,6,"","Juan Martin Del Potro","R",198,"ARG",20.8788501,6,5155,104053,5,"","Andy Roddick","R",188,"USA",26.94592745,5,5530,"4-6 6-2 7-5",3,"SF",127,19,2,87,60,47,15,15,5,6,11,2,85,60,46,9,15,4,7,"Larry Stefanki",0.71,0.77,0.8,11,2,7
"2009-422","Cincinnati Masters","Hard",56,"M",20090816,28,105023,0,"","Sam Querrey","R",198,"USA",21.86173854,26,1475,104053,5,"","Andy Roddick","R",188,"USA",26.9650924,5,5800,"7-6(11) 7-6(3)",3,"R32",118,16,4,90,46,37,26,12,2,3,10,0,87,57,43,16,12,2,3,"Larry Stefanki",0.66,0.75,0.92,10,0,3
"2009-560","US Open","Hard",128,"G",20090831,104,104545,0,"","John Isner","R",206,"USA",24.34770705,55,914,104053,5,"","Andy Roddick","R",188,"USA",27.00342231,5,5720,"7-6(3) 6-3 3-6 5-7 7-6(5)",5,"R32",231,38,7,163,106,85,34,27,7,9,20,2,154,102,85,33,27,6,7,"Larry Stefanki",0.66,0.83,0.96,20,2,7
"2009-747","Beijing","Hard",32,"A",20091005,12,103997,0,"Q","Lukasz Kubot","R",190,"POL",27.38945927,143,418,104053,3,"","Andy Roddick","R",188,"USA",27.09924709,6,4920,"6-2 6-4",3,"R32",81,5,7,57,37,29,7,9,2,4,5,4,59,41,24,5,9,4,9,"Larry Stefanki",0.69,0.59,0.44,5,4,9
"2009-5014","Shanghai Masters","Hard",56,"M",20091011,36,104527,0,"","Stanislas Wawrinka","R",183,"SUI",24.54209446,22,1650,104053,4,"","Andy Roddick","R",188,"USA",27.11841205,6,4830,"3-4 RET",3,"R32",36,2,2,25,13,9,7,3,2,2,4,0,22,16,13,4,4,0,0,"Larry Stefanki",0.73,0.81,1,4,0,0
"2010-580","Australian Open","Hard",128,"G",20100118,123,105227,14,"","Marin Cilic","R",198,"CRO",21.30595483,14,2430,104053,7,"","Andy Roddick","R",188,"USA",27.38672142,7,4510,"7-6(4) 6-3 3-6 2-6 6-3",5,"QF",230,20,6,155,77,58,36,24,10,16,15,1,141,90,62,26,23,8,13,"Larry Stefanki",0.64,0.69,0.78,15,1,13
"2010-424","San Jose","Hard",32,"A",20100208,31,104269,2,"","Fernando Verdasco","L",188,"ESP",26.23408624,11,2760,104053,1,"","Andy Roddick","R",188,"USA",27.44421629,7,4150,"3-6 6-4 6-4",3,"F",131,15,7,98,60,46,18,15,8,10,10,2,92,64,53,8,14,9,11,"Larry Stefanki",0.7,0.83,0.86,10,2,11
"2010-402","Memphis","Hard",32,"A",20100215,25,105023,8,"","Sam Querrey","R",198,"USA",22.36002738,31,1260,104053,1,"","Andy Roddick","R",188,"USA",27.46338125,7,4210,"7-5 3-6 6-1",3,"QF",95,16,3,82,52,41,16,14,3,4,11,2,70,50,40,10,14,1,4,"Larry Stefanki",0.71,0.8,0.79,11,2,4
"2010-404","Indian Wells Masters","Hard",96,"M",20100311,95,103344,20,"","Ivan Ljubicic","R",193,"CRO",30.9705681,26,1520,104053,7,"","Andy Roddick","R",188,"USA",27.52087611,8,3720,"7-6(3) 7-6(5)",3,"F",127,21,2,96,54,47,21,12,6,6,12,0,72,52,43,13,12,3,3,"Larry Stefanki",0.72,0.83,1,12,0,3
"2010-520","Roland Garros","Clay",128,"G",20100524,105,104559,0,"Q","Teymuraz Gabashvili","R",188,"RUS",25.00205339,114,453,104053,6,"","Andy Roddick","R",188,"USA",27.73169062,8,4600,"6-4 6-4 6-2",5,"R32",114,9,1,86,46,36,29,14,3,3,4,1,89,64,40,12,14,7,11,"Larry Stefanki",0.72,0.62,0.71,4,1,11
"2010-311","Queen's Club","Grass",56,"A",20100607,46,104534,14,"","Dudi Sela","R",175,"ISR",25.17453799,63,745,104053,4,"","Andy Roddick","R",188,"USA",27.77002053,7,4510,"6-4 7-6(8)",3,"R16",107,6,0,72,45,34,21,11,1,1,10,1,82,56,40,14,11,5,6,"Larry Stefanki",0.68,0.71,0.91,10,1,6
"2010-540","Wimbledon","Grass",128,"G",20100621,116,104229,0,"","Yen Hsun Lu","R",180,"TPE",26.85284052,82,626,104053,5,"","Andy Roddick","R",188,"USA",27.80835044,7,4510,"4-6 7-6(3) 7-6(4) 6-7(5) 9-7",5,"R16",276,22,4,206,124,101,45,31,7,8,38,8,189,129,108,31,31,1,2,"Larry Stefanki",0.68,0.84,0.97,38,8,2
"2010-6116","Atlanta","Hard",28,"A",20100719,25,103888,6,"","Mardy Fish","R",188,"USA",28.60780287,49,901,104053,1,"","Andy Roddick","R",188,"USA",27.88501027,9,3490,"7-6(5) 6-3",3,"SF",102,9,3,70,28,27,22,11,3,3,8,2,59,37,27,13,10,0,1,"Larry Stefanki",0.63,0.73,0.9,8,2,1
"2010-418","Washington","Hard",48,"A",20100801,40,104468,13,"","Gilles Simon","R",183,"FRA",25.59616701,33,1215,104053,2,"","Andy Roddick","R",188,"USA",27.92334018,9,3490,"6-3 6-3",3,"R16",70,7,1,51,23,21,18,9,2,2,3,0,47,26,21,7,9,2,5,"Larry Stefanki",0.55,0.81,0.67,3,0,5
"2010-422","Cincinnati Masters","Hard",56,"M",20100815,54,103888,0,"WC","Mardy Fish","R",188,"USA",28.6844627,36,1151,104053,9,"","Andy Roddick","R",188,"USA",27.96167009,13,2875,"4-6 7-6(3) 6-1",3,"SF",136,17,6,93,43,39,25,15,2,4,11,4,101,61,41,19,14,5,8,"Larry Stefanki",0.6,0.67,0.79,11,4,8
"2010-560","US Open","Hard",128,"G",20100830,84,104386,0,"","Janko Tipsarevic","R",180,"SRB",26.18754278,44,1020,104053,9,"","Andy Roddick","R",188,"USA",28,9,3225,"3-6 7-5 6-3 7-6(4)",5,"R64",198,16,1,123,72,58,32,21,3,5,18,3,119,78,61,22,21,8,11,"Larry Stefanki",0.66,0.78,0.86,18,3,11
"2010-329","Tokyo","Hard",32,"A",20101004,28,104792,5,"","Gael Monfils","R",193,"FRA",24.09034908,15,2160,104053,2,"","Andy Roddick","R",188,"USA",28.09582478,10,3180,"7-6(5) 4-6 7-6(6)",3,"QF",176,16,0,108,72,59,22,17,2,3,8,0,130,86,67,23,17,10,10,"Larry Stefanki",0.66,0.78,1,8,0,10
"2010-5014","Shanghai Masters","Hard",56,"M",20101010,38,104198,0,"","Guillermo Garcia Lopez","R",188,"ESP",27.35386721,35,1175,104053,10,"","Andy Roddick","R",188,"USA",28.11498973,11,3225,"3-6 3-2 RET",3,"R32",57,4,5,46,26,21,6,7,6,8,7,0,35,27,19,7,7,0,1,"Larry Stefanki",0.77,0.7,0.86,7,0,1
"2010-328","Basel","Hard",32,"A",20101101,29,103819,1,"","Roger Federer","R",185,"SUI",29.23203285,2,7495,104053,4,"","Andy Roddick","R",188,"USA",28.1724846,9,3260,"6-2 6-4",3,"SF",70,13,1,53,31,29,9,9,4,5,4,4,54,34,24,7,9,4,8,"Larry Stefanki",0.63,0.71,0.56,4,4,8
"2010-352","Paris Masters","Hard",48,"M",20101107,43,104417,4,"","Robin Soderling","R",193,"SWE",26.23408624,5,4960,104053,8,"","Andy Roddick","R",188,"USA",28.19164956,8,3485,"7-5 6-4",3,"QF",87,18,3,64,38,34,15,11,2,2,15,2,75,53,39,8,11,6,8,"Larry Stefanki",0.71,0.74,0.82,15,2,8
"2010-605","Tour Finals","Hard",8,"F",20101121,10,104745,0,"","Rafael Nadal","L",185,"ESP",24.47091034,1,11450,104053,0,"","Andy Roddick","R",188,"USA",28.22997947,8,3665,"3-6 7-6(5) 6-4",3,"RR",154,6,4,92,53,40,23,15,2,4,18,3,93,58,50,16,16,4,6,"Larry Stefanki",0.62,0.86,0.88,18,3,6
"2010-605","Tour Finals","Hard",8,"F",20101121,14,104925,0,"","Novak Djokovic","R",188,"SRB",23.50444901,3,5635,104053,0,"","Andy Roddick","R",188,"USA",28.22997947,8,3665,"6-2 6-3",3,"RR",67,6,0,51,30,22,16,9,1,1,4,1,42,25,18,8,8,0,3,"Larry Stefanki",0.6,0.72,0.62,4,1,3
"2010-605","Tour Finals","Hard",8,"F",20101121,15,104607,0,"","Tomas Berdych","R",196,"CZE",25.18001369,6,3755,104053,0,"","Andy Roddick","R",188,"USA",28.22997947,8,3665,"7-5 6-3",3,"RR",85,6,3,55,29,26,15,10,2,2,9,2,59,37,25,13,11,1,4,"Larry Stefanki",0.63,0.68,0.73,9,2,4
"2011-339","Brisbane","Hard",32,"A",20110102,31,104417,1,"","Robin Soderling","R",193,"SWE",26.38740589,5,5580,104053,2,"","Andy Roddick","R",188,"USA",28.3449692,8,3665,"6-3 7-5",3,"F",95,16,2,54,39,35,9,11,0,0,12,1,67,44,33,9,10,8,10,"Larry Stefanki",0.66,0.75,0.8,12,1,10
"2011-580","Australian Open","Hard",128,"G",20110117,119,104527,19,"","Stanislas Wawrinka","R",183,"SUI",25.80698152,19,1855,104053,8,"","Andy Roddick","R",188,"USA",28.38329911,8,3565,"6-3 6-4 6-4",5,"R16",142,24,2,79,39,36,26,15,3,3,9,4,112,70,50,18,14,10,13,"Larry Stefanki",0.62,0.71,0.79,9,4,13
"2011-404","Indian Wells Masters","Hard",96,"M",20110310,85,104755,18,"","Richard Gasquet","R",185,"FRA",24.71731691,21,1495,104053,8,"","Andy Roddick","R",188,"USA",28.5174538,8,3770,"6-3 7-6(5)",3,"R16",106,8,2,69,44,34,15,11,4,5,7,1,77,49,33,15,10,5,7,"Larry Stefanki",0.64,0.67,0.8,7,1,7
"2011-403","Miami Masters","Hard",96,"M",20110323,48,104655,0,"","Pablo Cuevas","R",180,"URU",25.21560575,67,735,104053,8,"","Andy Roddick","R",188,"USA",28.55578371,8,3260,"6-4 7-6(4)",3,"R64",117,15,1,73,44,35,19,11,4,4,9,6,89,49,35,22,11,6,7,"Larry Stefanki",0.55,0.71,0.91,9,6,7
"2011-1536","Madrid Masters","Clay",56,"M",20110501,4,104262,0,"Q","Flavio Cipolla","R",173,"ITA",27.53182752,160,374,104053,12,"","Andy Roddick","R",188,"USA",28.67077344,12,2290,"6-4 6-7(7) 6-3",3,"R64",183,3,3,114,78,51,23,16,8,10,5,2,113,77,49,20,15,6,10,"Larry Stefanki",0.68,0.64,0.73,5,2,10
"2011-416","Rome Masters","Clay",56,"M",20110508,15,104468,0,"","Gilles Simon","R",183,"FRA",26.36276523,19,1520,104053,12,"","Andy Roddick","R",188,"USA",28.6899384,12,2280,"6-3 6-3",3,"R64",82,4,2,51,29,23,12,9,0,1,1,0,57,39,22,8,9,4,8,"Larry Stefanki",0.68,0.56,0.56,1,0,8
"2011-311","Queen's Club","Grass",56,"A",20110606,54,104918,2,"","Andy Murray","R",190,"GBR",24.06023272,4,6625,104053,3,"","Andy Roddick","R",188,"USA",28.76659822,10,2200,"6-3 6-1",3,"SF",59,13,0,41,22,18,14,8,0,0,3,1,46,38,20,4,8,2,6,"Larry Stefanki",0.83,0.53,0.5,3,1,6
"2011-540","Wimbledon","Grass",128,"G",20110620,104,103852,0,"","Feliciano Lopez","L",188,"ESP",29.7467488,44,1020,104053,8,"","Andy Roddick","R",188,"USA",28.80492813,10,2200,"7-6(2) 7-6(2) 6-4",5,"R32",138,28,3,106,70,57,20,17,3,4,23,6,109,69,54,20,17,4,6,"Larry Stefanki",0.63,0.78,0.88,23,6,6
"2011-D040","Davis Cup WG QF: USA vs ESP","Hard",4,"D",20110708,2,103970,0,"","David Ferrer","R",175,"ESP",29.25393566,6,4150,104053,0,"","Andy Roddick","R",188,"USA",28.84325804,10,2110,"7-6(9) 7-5 6-3",5,"QF",165,7,2,103,59,46,25,16,2,4,16,6,122,76,51,22,17,9,14,"Larry Stefanki",0.62,0.67,0.71,16,6,14
"2011-422","Cincinnati Masters","Hard",56,"M",20110814,4,104259,0,"","Philipp Kohlschreiber","R",178,"GER",27.83025325,47,910,104053,11,"","Andy Roddick","R",188,"USA",28.95824778,15,2030,"6-7(5) 7-5 6-1",3,"R64",135,12,1,103,62,48,25,16,10,11,17,6,83,54,41,16,15,4,8,"Larry Stefanki",0.65,0.76,0.73,17,6,8
"2011-6242","Winston-Salem","Hard",48,"A",20110821,45,104545,4,"","John Isner","R",206,"USA",26.32169747,28,1340,104053,1,"","Andy Roddick","R",188,"USA",28.97741273,21,1680,"7-6(7) 6-4",3,"SF",95,8,1,69,41,35,17,11,1,2,10,2,67,47,42,6,11,1,3,"Larry Stefanki",0.7,0.89,0.82,10,2,3
"2011-560","US Open","Hard",128,"G",20110829,124,104745,2,"","Rafael Nadal","L",185,"ESP",25.23750856,2,11420,104053,21,"","Andy Roddick","R",188,"USA",28.99657769,21,1680,"6-2 6-1 6-3",5,"QF",113,6,1,67,46,38,12,12,4,4,9,3,68,40,25,9,12,1,7,"Larry Stefanki",0.59,0.62,0.5,9,3,7
"2011-747","Beijing","Hard",32,"A",20111003,13,104731,0,"","Kevin Anderson","R",203,"RSA",25.37713895,31,1200,104053,6,"","Andy Roddick","R",188,"USA",29.09240246,15,1995,"6-4 7-5",3,"R32",102,8,1,62,39,32,11,11,4,6,5,1,64,46,30,7,11,6,10,"Larry Stefanki",0.72,0.65,0.64,5,1,10
"2011-5014","Shanghai Masters","Hard",56,"M",20111009,50,103970,3,"","David Ferrer","R",175,"ESP",29.52224504,5,4200,104053,10,"","Andy Roddick","R",188,"USA",29.11156742,15,1985,"6-7(5) 6-2 7-6(2)",3,"QF",154,11,5,114,69,56,26,16,5,5,11,2,105,63,49,21,16,2,4,"Larry Stefanki",0.6,0.78,0.88,11,2,4
"2011-328","Basel","Hard",32,"A",20111031,27,103819,3,"","Roger Federer","R",185,"SUI",30.22861054,4,7530,104053,7,"","Andy Roddick","R",188,"USA",29.16906229,15,2120,"6-3 6-2",3,"QF",64,5,1,47,25,21,16,9,0,0,3,1,42,15,11,13,8,1,4,"Larry Stefanki",0.36,0.73,0.62,3,1,4
"2011-352","Paris Masters","Hard",48,"M",20111107,44,104918,2,"","Andy Murray","R",190,"GBR",24.48186174,3,7780,104053,13,"","Andy Roddick","R",188,"USA",29.18822724,15,2030,"6-2 6-2",3,"R16",62,7,2,42,24,20,12,8,0,0,1,0,41,25,14,6,8,2,6,"Larry Stefanki",0.61,0.56,0.5,1,0,6
"2012-580","Australian Open","Hard",128,"G",20120116,68,103720,0,"WC","Lleyton Hewitt","R",180,"AUS",30.89117043,181,265,104053,15,"","Andy Roddick","R",188,"USA",29.3798768,16,1880,"3-6 6-3 6-4 RET",5,"R64",132,11,2,78,45,37,17,14,3,5,8,2,91,56,38,19,14,4,7,"Larry Stefanki",0.62,0.68,0.79,8,2,7
"2012-424","San Jose","Hard",28,"A",20120213,24,104797,0,"","Denis Istomin","R",188,"UZB",25.43463381,61,767,104053,2,"","Andy Roddick","R",188,"USA",29.45653662,17,1745,"6-2 6-4",3,"QF",77,6,0,48,32,25,13,9,1,1,5,0,68,42,28,10,9,6,9,"Larry Stefanki",0.62,0.67,0.67,5,0,9
"2012-402","Memphis","Hard",32,"A",20120220,16,103598,0,"","Xavier Malisse","R",185,"BEL",31.58932238,75,680,104053,2,"","Andy Roddick","R",188,"USA",29.47570157,27,1290,"7-6(8) 7-5",3,"R32",108,12,4,83,40,34,24,12,6,7,6,1,77,51,38,12,12,3,5,"Larry Stefanki",0.66,0.75,0.83,6,1,5
"2012-499","Delray Beach","Hard",32,"A",20120227,26,104731,7,"","Kevin Anderson","R",203,"RSA",25.77960301,36,1065,104053,4,"","Andy Roddick","R",188,"USA",29.49486653,30,1290,"2-6 7-6(9) 6-4",3,"QF",153,11,5,93,44,34,29,15,2,5,8,4,110,72,51,19,15,7,9,"Larry Stefanki",0.65,0.71,0.87,8,4,9
"2012-404","Indian Wells Masters","Hard",96,"M",20120308,68,104607,7,"","Tomas Berdych","R",196,"CZE",26.46406571,7,3860,104053,30,"","Andy Roddick","R",188,"USA",29.51403149,31,1210,"6-3 4-6 6-2",3,"R32",126,7,2,68,42,33,19,13,1,2,8,3,97,64,42,14,14,2,6,"Larry Stefanki",0.66,0.66,0.71,8,3,6
"2012-403","Miami Masters","Hard",96,"M",20120321,83,104338,21,"","Juan Monaco","R",185,"ARG",27.97262149,21,1495,104053,31,"","Andy Roddick","R",188,"USA",29.5523614,34,1165,"7-5 6-0",3,"R16",101,2,2,63,46,31,9,9,3,4,2,2,59,36,21,9,9,4,9,"Larry Stefanki",0.61,0.58,0.44,2,2,9
"2012-615","Dusseldorf","Clay",64,"A",20120521,8,104424,0,"","Go Soeda","R",178,"JPN",27.70704997,60,758,104053,0,"","Andy Roddick","R",188,"USA",29.724846,29,1225,"7-5 7-6(4)",3,"RR",113,1,3,80,50,32,22,12,1,2,3,2,72,45,34,13,12,2,4,"Larry Stefanki",0.62,0.76,0.83,3,2,4
"2012-615","Dusseldorf","Clay",64,"A",20120521,24,104122,0,"","Carlos Berlocq","R",183,"ARG",29.29500342,37,1060,104053,0,"","Andy Roddick","R",188,"USA",29.724846,29,1225,"6-2 6-2",3,"RR",90,0,3,51,43,31,2,8,3,4,2,4,61,41,25,3,8,6,11,"Larry Stefanki",0.67,0.61,0.38,2,4,11
"2012-615","Dusseldorf","Clay",64,"A",20120521,26,104607,0,"","Tomas Berdych","R",196,"CZE",26.67488022,7,4500,104053,0,"","Andy Roddick","R",188,"USA",29.724846,29,1225,"6-1 6-2",3,"RR",61,12,2,42,23,23,10,8,0,0,0,0,41,18,7,12,7,1,5,"Larry Stefanki",0.44,0.39,0.43,0,0,5
"2012-520","Roland Garros","Clay",128,"G",20120527,20,103917,0,"","Nicolas Mahut","R",190,"FRA",30.34907598,89,604,104053,26,"","Andy Roddick","R",188,"USA",29.74401095,33,1180,"6-3 6-3 4-6 6-2",5,"R128",142,13,4,107,58,41,28,18,7,10,8,4,97,59,41,17,18,0,7,"Larry Stefanki",0.61,0.69,0.61,8,4,7
"2012-311","Queen's Club","Grass",56,"A",20120611,32,104273,0,"","Edouard Roger Vasselin","R",188,"FRA",28.53661875,67,669,104053,7,"","Andy Roddick","R",188,"USA",29.78234086,32,1190,"6-4 4-6 7-5",3,"R32",121,13,2,98,63,49,20,16,4,5,22,2,82,65,50,10,16,3,5,"Larry Stefanki",0.79,0.77,0.88,22,2,5
"2012-540","Wimbledon","Grass",128,"G",20120625,105,103970,7,"","David Ferrer","R",175,"ESP",30.23134839,5,5250,104053,30,"","Andy Roddick","R",188,"USA",29.82067077,25,1395,"2-6 7-6(8) 6-4 6-3",5,"R32",158,10,3,113,66,53,29,19,3,6,15,1,118,85,64,17,20,4,8,"Larry Stefanki",0.72,0.75,0.8,15,1,8
"2012-96","London Olympics","Grass",64,"A",20120725,48,104925,2,"","Novak Djokovic","R",188,"SRB",25.17180014,2,11000,104053,0,"","Andy Roddick","R",188,"USA",29.8973306,22,1600,"6-2 6-1",3,"R32",54,14,0,43,29,25,8,8,0,0,5,1,40,24,13,7,7,0,4,"Larry Stefanki",0.6,0.54,0.43,5,1,4
"2012-422","Cincinnati Masters","Hard",56,"M",20120812,16,104871,0,"LL","Jeremy Chardy","R",188,"FRA",25.50034223,38,1004,104053,16,"","Andy Roddick","R",188,"USA",29.95482546,21,1645,"7-6(4) 6-3",3,"R64",94,7,0,62,32,28,19,10,1,1,7,4,75,46,34,11,11,4,6,"Larry Stefanki",0.61,0.74,0.82,7,4,6
"2012-6242","Winston-Salem","Hard",48,"A",20120819,39,104327,0,"","Steve Darcis","R",178,"BEL",28.43805613,81,630,104053,5,"","Andy Roddick","R",188,"USA",29.97399042,21,1645,"7-6(6) 7-6(3)",3,"R16",111,5,3,82,50,39,21,12,1,1,8,0,75,53,41,14,12,3,3,"Larry Stefanki",0.71,0.77,1,8,0,3
"2012-560","US Open","Hard",128,"G",20120827,119,105223,7,"","Juan Martin Del Potro","R",198,"ARG",23.92607803,8,3620,104053,20,"","Andy Roddick","R",188,"USA",29.99315537,22,1600,"6-7(1) 7-6(4) 6-2 6-4",5,"R16",195,15,3,123,88,71,20,21,3,4,20,6,128,81,64,22,21,3,7,"Larry Stefanki",0.63,0.79,0.81,20,6,7
